{
    "results/evolutionary_algorithm/20250129_213502": 605426.6644344723,
    "results/evolutionary_algorithm/20250129_225015": 680767.74590294
}