generation,fitness_value
0,1503877.3638507724
1,1503877.3638507724
2,1417628.5931871082
3,1417628.5931871082
4,1417628.5931871082
